{
    "rawGraph": {
        "nodes": [
            {
                "id": "BIGBOX-1",
                "degree": 5,
                "pagerank": 0.027257514805162728,
                "node_id": "BIGBOX-1"
            },
            {
                "id": "99207",
                "degree": 1,
                "pagerank": 0.006588411067063066,
                "node_id": "99207"
            },
            {
                "id": "99781",
                "degree": 1,
                "pagerank": 0.006588411067063066,
                "node_id": "99781"
            },
            {
                "id": "3710",
                "degree": 2,
                "pagerank": 0.01042248825901452,
                "node_id": "3710"
            },
            {
                "id": "3020",
                "degree": 3,
                "pagerank": 0.013971379654223983,
                "node_id": "3020"
            },
            {
                "id": "53451",
                "degree": 1,
                "pagerank": 0.006588411067063066,
                "node_id": "53451"
            },
            {
                "id": "75192-1",
                "degree": 5,
                "pagerank": 0.029594291289712304,
                "node_id": "75192-1"
            },
            {
                "id": "32555",
                "degree": 1,
                "pagerank": 0.006984562418606366,
                "node_id": "32555"
            },
            {
                "id": "2780",
                "degree": 8,
                "pagerank": 0.03550471992657876,
                "node_id": "2780"
            },
            {
                "id": "15461",
                "degree": 1,
                "pagerank": 0.006984562418606366,
                "node_id": "15461"
            },
            {
                "id": "2412b",
                "degree": 1,
                "pagerank": 0.006984562418606366,
                "node_id": "2412b"
            },
            {
                "id": "18651",
                "degree": 1,
                "pagerank": 0.006984562418606366,
                "node_id": "18651"
            },
            {
                "id": "71043-1",
                "degree": 5,
                "pagerank": 0.02446914998033625,
                "node_id": "71043-1"
            },
            {
                "id": "4274",
                "degree": 3,
                "pagerank": 0.014226222047171524,
                "node_id": "4274"
            },
            {
                "id": "3245c",
                "degree": 1,
                "pagerank": 0.0061142053406497785,
                "node_id": "3245c"
            },
            {
                "id": "85861",
                "degree": 2,
                "pagerank": 0.009887101539102964,
                "node_id": "85861"
            },
            {
                "id": "61252",
                "degree": 1,
                "pagerank": 0.0061142053406497785,
                "node_id": "61252"
            },
            {
                "id": "10256-1",
                "degree": 5,
                "pagerank": 0.023059082726179875,
                "node_id": "10256-1"
            },
            {
                "id": "3005",
                "degree": 4,
                "pagerank": 0.017413336623315543,
                "node_id": "3005"
            },
            {
                "id": "2877",
                "degree": 1,
                "pagerank": 0.00587480185448048,
                "node_id": "2877"
            },
            {
                "id": "3024",
                "degree": 5,
                "pagerank": 0.02198822269411842,
                "node_id": "3024"
            },
            {
                "id": "3062b",
                "degree": 1,
                "pagerank": 0.00587480185448048,
                "node_id": "3062b"
            },
            {
                "id": "6141",
                "degree": 6,
                "pagerank": 0.025166435350408547,
                "node_id": "6141"
            },
            {
                "id": "10189-1",
                "degree": 5,
                "pagerank": 0.02102733721835885,
                "node_id": "10189-1"
            },
            {
                "id": "3004",
                "degree": 4,
                "pagerank": 0.018250725295420368,
                "node_id": "3004"
            },
            {
                "id": "3069b",
                "degree": 2,
                "pagerank": 0.009592381311622522,
                "node_id": "3069b"
            },
            {
                "id": "SWMP-1",
                "degree": 5,
                "pagerank": 0.022665337340332433,
                "node_id": "SWMP-1"
            },
            {
                "id": "3023",
                "degree": 6,
                "pagerank": 0.0249442603101833,
                "node_id": "3023"
            },
            {
                "id": "3068b",
                "degree": 1,
                "pagerank": 0.005807761402477769,
                "node_id": "3068b"
            },
            {
                "id": "2000409-1",
                "degree": 5,
                "pagerank": 0.029843659589927383,
                "node_id": "2000409-1"
            },
            {
                "id": "4477",
                "degree": 1,
                "pagerank": 0.007027398102628155,
                "node_id": "4477"
            },
            {
                "id": "4495b",
                "degree": 1,
                "pagerank": 0.007027398102628155,
                "node_id": "4495b"
            },
            {
                "id": "3010",
                "degree": 1,
                "pagerank": 0.007027398102628155,
                "node_id": "3010"
            },
            {
                "id": "3005pr0003",
                "degree": 1,
                "pagerank": 0.007027398102628155,
                "node_id": "3005pr0003"
            },
            {
                "id": "10179-1",
                "degree": 5,
                "pagerank": 0.02318032567892395,
                "node_id": "10179-1"
            },
            {
                "id": "6558",
                "degree": 4,
                "pagerank": 0.017650406041202608,
                "node_id": "6558"
            },
            {
                "id": "3794a",
                "degree": 1,
                "pagerank": 0.005894962126668648,
                "node_id": "3794a"
            },
            {
                "id": "4589",
                "degree": 1,
                "pagerank": 0.005894962126668648,
                "node_id": "4589"
            },
            {
                "id": "70620-1",
                "degree": 5,
                "pagerank": 0.0249818468531332,
                "node_id": "70620-1"
            },
            {
                "id": "48729b",
                "degree": 1,
                "pagerank": 0.0062015724568804335,
                "node_id": "48729b"
            },
            {
                "id": "32932",
                "degree": 1,
                "pagerank": 0.0062015724568804335,
                "node_id": "32932"
            },
            {
                "id": "2817",
                "degree": 1,
                "pagerank": 0.0062015724568804335,
                "node_id": "2817"
            },
            {
                "id": "75252-1",
                "degree": 5,
                "pagerank": 0.02098898760864358,
                "node_id": "75252-1"
            },
            {
                "id": "15573",
                "degree": 3,
                "pagerank": 0.013777807479872029,
                "node_id": "15573"
            },
            {
                "id": "75827-1",
                "degree": 5,
                "pagerank": 0.021830772471914717,
                "node_id": "75827-1"
            },
            {
                "id": "3070b",
                "degree": 1,
                "pagerank": 0.005665720549618901,
                "node_id": "3070b"
            },
            {
                "id": "32028",
                "degree": 2,
                "pagerank": 0.009585558217357756,
                "node_id": "32028"
            },
            {
                "id": "40179-1",
                "degree": 3,
                "pagerank": 0.017539738892531347,
                "node_id": "40179-1"
            },
            {
                "id": "4186",
                "degree": 1,
                "pagerank": 0.006924487394016769,
                "node_id": "4186"
            },
            {
                "id": "96874",
                "degree": 1,
                "pagerank": 0.006924487394016769,
                "node_id": "96874"
            },
            {
                "id": "10214-1",
                "degree": 5,
                "pagerank": 0.023169111623715093,
                "node_id": "10214-1"
            },
            {
                "id": "87087",
                "degree": 2,
                "pagerank": 0.01008570091704806,
                "node_id": "87087"
            },
            {
                "id": "3666",
                "degree": 1,
                "pagerank": 0.0058935218782651694,
                "node_id": "3666"
            },
            {
                "id": "10253-1",
                "degree": 5,
                "pagerank": 0.024011259906702935,
                "node_id": "10253-1"
            },
            {
                "id": "15712",
                "degree": 1,
                "pagerank": 0.006036737045879675,
                "node_id": "15712"
            },
            {
                "id": "4733",
                "degree": 1,
                "pagerank": 0.006036737045879675,
                "node_id": "4733"
            },
            {
                "id": "10261-1",
                "degree": 5,
                "pagerank": 0.029594291289712304,
                "node_id": "10261-1"
            },
            {
                "id": "14696",
                "degree": 1,
                "pagerank": 0.006984562418606366,
                "node_id": "14696"
            },
            {
                "id": "3708",
                "degree": 1,
                "pagerank": 0.006984562418606366,
                "node_id": "3708"
            },
            {
                "id": "91405",
                "degree": 1,
                "pagerank": 0.006984562418606366,
                "node_id": "91405"
            },
            {
                "id": "92280",
                "degree": 1,
                "pagerank": 0.006984562418606366,
                "node_id": "92280"
            },
            {
                "id": "42100-1",
                "degree": 5,
                "pagerank": 0.02425196229751028,
                "node_id": "42100-1"
            },
            {
                "id": "3941",
                "degree": 1,
                "pagerank": 0.0060769604701885645,
                "node_id": "3941"
            },
            {
                "id": "43093",
                "degree": 2,
                "pagerank": 0.010180236729850814,
                "node_id": "43093"
            },
            {
                "id": "88323",
                "degree": 1,
                "pagerank": 0.0060769604701885645,
                "node_id": "88323"
            },
            {
                "id": "71040-1",
                "degree": 5,
                "pagerank": 0.024770941833275776,
                "node_id": "71040-1"
            },
            {
                "id": "98560",
                "degree": 1,
                "pagerank": 0.006165863249309204,
                "node_id": "98560"
            },
            {
                "id": "3685",
                "degree": 1,
                "pagerank": 0.006165863249309204,
                "node_id": "3685"
            },
            {
                "id": "42082-1",
                "degree": 5,
                "pagerank": 0.02425196229751028,
                "node_id": "42082-1"
            },
            {
                "id": "41677",
                "degree": 1,
                "pagerank": 0.0060769604701885645,
                "node_id": "41677"
            },
            {
                "id": "15100",
                "degree": 1,
                "pagerank": 0.0060769604701885645,
                "node_id": "15100"
            },
            {
                "id": "75159-1",
                "degree": 5,
                "pagerank": 0.023023045901854382,
                "node_id": "75159-1"
            },
            {
                "id": "3622",
                "degree": 1,
                "pagerank": 0.005868470939122494,
                "node_id": "3622"
            },
            {
                "id": "3040b",
                "degree": 1,
                "pagerank": 0.005868470939122494,
                "node_id": "3040b"
            },
            {
                "id": "10255-1",
                "degree": 5,
                "pagerank": 0.02230587364652675,
                "node_id": "10255-1"
            },
            {
                "id": "60596",
                "degree": 1,
                "pagerank": 0.0057465804089795,
                "node_id": "60596"
            }
        ],
        "edges": [
            {
                "source_id": "BIGBOX-1",
                "target_id": "99207"
            },
            {
                "source_id": "99207",
                "target_id": "BIGBOX-1"
            },
            {
                "source_id": "BIGBOX-1",
                "target_id": "99781"
            },
            {
                "source_id": "99781",
                "target_id": "BIGBOX-1"
            },
            {
                "source_id": "BIGBOX-1",
                "target_id": "3710"
            },
            {
                "source_id": "3710",
                "target_id": "BIGBOX-1"
            },
            {
                "source_id": "BIGBOX-1",
                "target_id": "3020"
            },
            {
                "source_id": "3020",
                "target_id": "BIGBOX-1"
            },
            {
                "source_id": "BIGBOX-1",
                "target_id": "53451"
            },
            {
                "source_id": "53451",
                "target_id": "BIGBOX-1"
            },
            {
                "source_id": "75192-1",
                "target_id": "32555"
            },
            {
                "source_id": "32555",
                "target_id": "75192-1"
            },
            {
                "source_id": "75192-1",
                "target_id": "2780"
            },
            {
                "source_id": "2780",
                "target_id": "75192-1"
            },
            {
                "source_id": "75192-1",
                "target_id": "15461"
            },
            {
                "source_id": "15461",
                "target_id": "75192-1"
            },
            {
                "source_id": "75192-1",
                "target_id": "2412b"
            },
            {
                "source_id": "2412b",
                "target_id": "75192-1"
            },
            {
                "source_id": "75192-1",
                "target_id": "18651"
            },
            {
                "source_id": "18651",
                "target_id": "75192-1"
            },
            {
                "source_id": "71043-1",
                "target_id": "4274"
            },
            {
                "source_id": "4274",
                "target_id": "71043-1"
            },
            {
                "source_id": "71043-1",
                "target_id": "2780"
            },
            {
                "source_id": "2780",
                "target_id": "71043-1"
            },
            {
                "source_id": "71043-1",
                "target_id": "3245c"
            },
            {
                "source_id": "3245c",
                "target_id": "71043-1"
            },
            {
                "source_id": "71043-1",
                "target_id": "85861"
            },
            {
                "source_id": "85861",
                "target_id": "71043-1"
            },
            {
                "source_id": "71043-1",
                "target_id": "61252"
            },
            {
                "source_id": "61252",
                "target_id": "71043-1"
            },
            {
                "source_id": "10256-1",
                "target_id": "3005"
            },
            {
                "source_id": "3005",
                "target_id": "10256-1"
            },
            {
                "source_id": "10256-1",
                "target_id": "2877"
            },
            {
                "source_id": "2877",
                "target_id": "10256-1"
            },
            {
                "source_id": "10256-1",
                "target_id": "3024"
            },
            {
                "source_id": "3024",
                "target_id": "10256-1"
            },
            {
                "source_id": "10256-1",
                "target_id": "3062b"
            },
            {
                "source_id": "3062b",
                "target_id": "10256-1"
            },
            {
                "source_id": "10256-1",
                "target_id": "6141"
            },
            {
                "source_id": "6141",
                "target_id": "10256-1"
            },
            {
                "source_id": "10189-1",
                "target_id": "3004"
            },
            {
                "source_id": "3004",
                "target_id": "10189-1"
            },
            {
                "source_id": "10189-1",
                "target_id": "3005"
            },
            {
                "source_id": "3005",
                "target_id": "10189-1"
            },
            {
                "source_id": "10189-1",
                "target_id": "3069b"
            },
            {
                "source_id": "3069b",
                "target_id": "10189-1"
            },
            {
                "source_id": "10189-1",
                "target_id": "3024"
            },
            {
                "source_id": "3024",
                "target_id": "10189-1"
            },
            {
                "source_id": "10189-1",
                "target_id": "6141"
            },
            {
                "source_id": "6141",
                "target_id": "10189-1"
            },
            {
                "source_id": "SWMP-1",
                "target_id": "3710"
            },
            {
                "source_id": "3710",
                "target_id": "SWMP-1"
            },
            {
                "source_id": "SWMP-1",
                "target_id": "3023"
            },
            {
                "source_id": "3023",
                "target_id": "SWMP-1"
            },
            {
                "source_id": "SWMP-1",
                "target_id": "3024"
            },
            {
                "source_id": "3024",
                "target_id": "SWMP-1"
            },
            {
                "source_id": "SWMP-1",
                "target_id": "3068b"
            },
            {
                "source_id": "3068b",
                "target_id": "SWMP-1"
            },
            {
                "source_id": "SWMP-1",
                "target_id": "3020"
            },
            {
                "source_id": "3020",
                "target_id": "SWMP-1"
            },
            {
                "source_id": "2000409-1",
                "target_id": "3004"
            },
            {
                "source_id": "3004",
                "target_id": "2000409-1"
            },
            {
                "source_id": "2000409-1",
                "target_id": "4477"
            },
            {
                "source_id": "4477",
                "target_id": "2000409-1"
            },
            {
                "source_id": "2000409-1",
                "target_id": "4495b"
            },
            {
                "source_id": "4495b",
                "target_id": "2000409-1"
            },
            {
                "source_id": "2000409-1",
                "target_id": "3010"
            },
            {
                "source_id": "3010",
                "target_id": "2000409-1"
            },
            {
                "source_id": "2000409-1",
                "target_id": "3005pr0003"
            },
            {
                "source_id": "3005pr0003",
                "target_id": "2000409-1"
            },
            {
                "source_id": "10179-1",
                "target_id": "2780"
            },
            {
                "source_id": "2780",
                "target_id": "10179-1"
            },
            {
                "source_id": "10179-1",
                "target_id": "6141"
            },
            {
                "source_id": "6141",
                "target_id": "10179-1"
            },
            {
                "source_id": "10179-1",
                "target_id": "6558"
            },
            {
                "source_id": "6558",
                "target_id": "10179-1"
            },
            {
                "source_id": "10179-1",
                "target_id": "3794a"
            },
            {
                "source_id": "3794a",
                "target_id": "10179-1"
            },
            {
                "source_id": "10179-1",
                "target_id": "4589"
            },
            {
                "source_id": "4589",
                "target_id": "10179-1"
            },
            {
                "source_id": "70620-1",
                "target_id": "3023"
            },
            {
                "source_id": "3023",
                "target_id": "70620-1"
            },
            {
                "source_id": "70620-1",
                "target_id": "48729b"
            },
            {
                "source_id": "48729b",
                "target_id": "70620-1"
            },
            {
                "source_id": "70620-1",
                "target_id": "32932"
            },
            {
                "source_id": "32932",
                "target_id": "70620-1"
            },
            {
                "source_id": "70620-1",
                "target_id": "6141"
            },
            {
                "source_id": "6141",
                "target_id": "70620-1"
            },
            {
                "source_id": "70620-1",
                "target_id": "2817"
            },
            {
                "source_id": "2817",
                "target_id": "70620-1"
            },
            {
                "source_id": "75252-1",
                "target_id": "3023"
            },
            {
                "source_id": "3023",
                "target_id": "75252-1"
            },
            {
                "source_id": "75252-1",
                "target_id": "2780"
            },
            {
                "source_id": "2780",
                "target_id": "75252-1"
            },
            {
                "source_id": "75252-1",
                "target_id": "3020"
            },
            {
                "source_id": "3020",
                "target_id": "75252-1"
            },
            {
                "source_id": "75252-1",
                "target_id": "15573"
            },
            {
                "source_id": "15573",
                "target_id": "75252-1"
            },
            {
                "source_id": "75252-1",
                "target_id": "6558"
            },
            {
                "source_id": "6558",
                "target_id": "75252-1"
            },
            {
                "source_id": "75827-1",
                "target_id": "3023"
            },
            {
                "source_id": "3023",
                "target_id": "75827-1"
            },
            {
                "source_id": "75827-1",
                "target_id": "2780"
            },
            {
                "source_id": "2780",
                "target_id": "75827-1"
            },
            {
                "source_id": "75827-1",
                "target_id": "3070b"
            },
            {
                "source_id": "3070b",
                "target_id": "75827-1"
            },
            {
                "source_id": "75827-1",
                "target_id": "6141"
            },
            {
                "source_id": "6141",
                "target_id": "75827-1"
            },
            {
                "source_id": "75827-1",
                "target_id": "32028"
            },
            {
                "source_id": "32028",
                "target_id": "75827-1"
            },
            {
                "source_id": "40179-1",
                "target_id": "4186"
            },
            {
                "source_id": "4186",
                "target_id": "40179-1"
            },
            {
                "source_id": "40179-1",
                "target_id": "96874"
            },
            {
                "source_id": "96874",
                "target_id": "40179-1"
            },
            {
                "source_id": "40179-1",
                "target_id": "3024"
            },
            {
                "source_id": "3024",
                "target_id": "40179-1"
            },
            {
                "source_id": "10214-1",
                "target_id": "4274"
            },
            {
                "source_id": "4274",
                "target_id": "10214-1"
            },
            {
                "source_id": "10214-1",
                "target_id": "3005"
            },
            {
                "source_id": "3005",
                "target_id": "10214-1"
            },
            {
                "source_id": "10214-1",
                "target_id": "87087"
            },
            {
                "source_id": "87087",
                "target_id": "10214-1"
            },
            {
                "source_id": "10214-1",
                "target_id": "32028"
            },
            {
                "source_id": "32028",
                "target_id": "10214-1"
            },
            {
                "source_id": "10214-1",
                "target_id": "3666"
            },
            {
                "source_id": "3666",
                "target_id": "10214-1"
            },
            {
                "source_id": "10253-1",
                "target_id": "3005"
            },
            {
                "source_id": "3005",
                "target_id": "10253-1"
            },
            {
                "source_id": "10253-1",
                "target_id": "3069b"
            },
            {
                "source_id": "3069b",
                "target_id": "10253-1"
            },
            {
                "source_id": "10253-1",
                "target_id": "15712"
            },
            {
                "source_id": "15712",
                "target_id": "10253-1"
            },
            {
                "source_id": "10253-1",
                "target_id": "15573"
            },
            {
                "source_id": "15573",
                "target_id": "10253-1"
            },
            {
                "source_id": "10253-1",
                "target_id": "4733"
            },
            {
                "source_id": "4733",
                "target_id": "10253-1"
            },
            {
                "source_id": "10261-1",
                "target_id": "2780"
            },
            {
                "source_id": "2780",
                "target_id": "10261-1"
            },
            {
                "source_id": "10261-1",
                "target_id": "14696"
            },
            {
                "source_id": "14696",
                "target_id": "10261-1"
            },
            {
                "source_id": "10261-1",
                "target_id": "3708"
            },
            {
                "source_id": "3708",
                "target_id": "10261-1"
            },
            {
                "source_id": "10261-1",
                "target_id": "91405"
            },
            {
                "source_id": "91405",
                "target_id": "10261-1"
            },
            {
                "source_id": "10261-1",
                "target_id": "92280"
            },
            {
                "source_id": "92280",
                "target_id": "10261-1"
            },
            {
                "source_id": "42100-1",
                "target_id": "3941"
            },
            {
                "source_id": "3941",
                "target_id": "42100-1"
            },
            {
                "source_id": "42100-1",
                "target_id": "2780"
            },
            {
                "source_id": "2780",
                "target_id": "42100-1"
            },
            {
                "source_id": "42100-1",
                "target_id": "43093"
            },
            {
                "source_id": "43093",
                "target_id": "42100-1"
            },
            {
                "source_id": "42100-1",
                "target_id": "6558"
            },
            {
                "source_id": "6558",
                "target_id": "42100-1"
            },
            {
                "source_id": "42100-1",
                "target_id": "88323"
            },
            {
                "source_id": "88323",
                "target_id": "42100-1"
            },
            {
                "source_id": "71040-1",
                "target_id": "4274"
            },
            {
                "source_id": "4274",
                "target_id": "71040-1"
            },
            {
                "source_id": "71040-1",
                "target_id": "98560"
            },
            {
                "source_id": "98560",
                "target_id": "71040-1"
            },
            {
                "source_id": "71040-1",
                "target_id": "3685"
            },
            {
                "source_id": "3685",
                "target_id": "71040-1"
            },
            {
                "source_id": "71040-1",
                "target_id": "87087"
            },
            {
                "source_id": "87087",
                "target_id": "71040-1"
            },
            {
                "source_id": "71040-1",
                "target_id": "15573"
            },
            {
                "source_id": "15573",
                "target_id": "71040-1"
            },
            {
                "source_id": "42082-1",
                "target_id": "41677"
            },
            {
                "source_id": "41677",
                "target_id": "42082-1"
            },
            {
                "source_id": "42082-1",
                "target_id": "2780"
            },
            {
                "source_id": "2780",
                "target_id": "42082-1"
            },
            {
                "source_id": "42082-1",
                "target_id": "43093"
            },
            {
                "source_id": "43093",
                "target_id": "42082-1"
            },
            {
                "source_id": "42082-1",
                "target_id": "6558"
            },
            {
                "source_id": "6558",
                "target_id": "42082-1"
            },
            {
                "source_id": "42082-1",
                "target_id": "15100"
            },
            {
                "source_id": "15100",
                "target_id": "42082-1"
            },
            {
                "source_id": "75159-1",
                "target_id": "3023"
            },
            {
                "source_id": "3023",
                "target_id": "75159-1"
            },
            {
                "source_id": "75159-1",
                "target_id": "3004"
            },
            {
                "source_id": "3004",
                "target_id": "75159-1"
            },
            {
                "source_id": "75159-1",
                "target_id": "3622"
            },
            {
                "source_id": "3622",
                "target_id": "75159-1"
            },
            {
                "source_id": "75159-1",
                "target_id": "6141"
            },
            {
                "source_id": "6141",
                "target_id": "75159-1"
            },
            {
                "source_id": "75159-1",
                "target_id": "3040b"
            },
            {
                "source_id": "3040b",
                "target_id": "75159-1"
            },
            {
                "source_id": "10255-1",
                "target_id": "3023"
            },
            {
                "source_id": "3023",
                "target_id": "10255-1"
            },
            {
                "source_id": "10255-1",
                "target_id": "3004"
            },
            {
                "source_id": "3004",
                "target_id": "10255-1"
            },
            {
                "source_id": "10255-1",
                "target_id": "3024"
            },
            {
                "source_id": "3024",
                "target_id": "10255-1"
            },
            {
                "source_id": "10255-1",
                "target_id": "85861"
            },
            {
                "source_id": "85861",
                "target_id": "10255-1"
            },
            {
                "source_id": "10255-1",
                "target_id": "60596"
            },
            {
                "source_id": "60596",
                "target_id": "10255-1"
            }
        ]
    },
    "overrides": {},
    "nodesShowingLabels": [
        "2780",
        "2817",
        "2877",
        "3004",
        "3005",
        "3010",
        "3020",
        "3023",
        "3024",
        "3622",
        "3666",
        "3685",
        "3708",
        "3710",
        "3941",
        "4186",
        "4274",
        "4477",
        "4589",
        "4733",
        "6141",
        "6558",
        "14696",
        "15100",
        "15461",
        "15573",
        "15712",
        "18651",
        "32028",
        "32555",
        "32932",
        "41677",
        "43093",
        "53451",
        "60596",
        "61252",
        "85861",
        "87087",
        "88323",
        "91405",
        "92280",
        "96874",
        "98560",
        "99207",
        "99781",
        "BIGBOX-1",
        "75192-1",
        "2412b",
        "71043-1",
        "3245c",
        "10256-1",
        "3062b",
        "10189-1",
        "3069b",
        "SWMP-1",
        "3068b",
        "2000409-1",
        "4495b",
        "3005pr0003",
        "10179-1",
        "3794a",
        "70620-1",
        "48729b",
        "75252-1",
        "75827-1",
        "3070b",
        "40179-1",
        "10214-1",
        "10253-1",
        "10261-1",
        "42100-1",
        "71040-1",
        "42082-1",
        "75159-1",
        "3040b",
        "10255-1"
    ],
    "positions": {
        "2780": [
            -269.8424266008405,
            -33.63308257281181
        ],
        "2817": [
            -113.96257822462586,
            -127.94693895225186
        ],
        "2877": [
            39.090555440660225,
            -289.41117935457515
        ],
        "3004": [
            -3.929744076711222,
            -122.70728026450514
        ],
        "3005": [
            182.73309956707243,
            -36.252911916684866
        ],
        "3010": [
            19.651951872316893,
            -90.0404510505014
        ],
        "3020": [
            -8.514445499541088,
            100.6331713006982
        ],
        "3023": [
            -73.35522276527644,
            -106.9883042012651
        ],
        "3024": [
            59.29089036224423,
            -31.95610892692534
        ],
        "3622": [
            -45.19205688217923,
            -179.03361115778202
        ],
        "3666": [
            -129.02659718535332,
            49.54649909516756
        ],
        "3685": [
            -161.77446449127925,
            118.97197670781075
        ],
        "3708": [
            -312.4146540985459,
            31.207693688053958
        ],
        "3710": [
            106.75804741732276,
            111.76744601216
        ],
        "3941": [
            -279.6667867926162,
            -143.66591501549183
        ],
        "4186": [
            106.75804741732277,
            87.53402458133142
        ],
        "4274": [
            -210.89626545017148,
            44.961797743389184
        ],
        "4477": [
            -1.3066832034764655,
            -81.52600568291295
        ],
        "4589": [
            -217.44583891135673,
            -253.04379012220616
        ],
        "4733": [
            230.30365508720385,
            127.17617757597054
        ],
        "6141": [
            -65.49575098154887,
            -273.94566932957173
        ],
        "6558": [
            -349.09226548118437,
            -211.12652062023227
        ],
        "14696": [
            -296.04072044558217,
            35.13743770386403
        ],
        "15100": [
            -361.5364550574368,
            -84.71975477834235
        ],
        "15461": [
            -349.74722282730306,
            -19.878978517476593
        ],
        "15573": [
            -3.9297440767112555,
            215.9056624311263
        ],
        "15712": [
            226.3739110104926,
            114.7319881925721
        ],
        "18651": [
            -371.36081524921485,
            -30.35829589297007
        ],
        "32028": [
            -136.23112799265735,
            12.213930944972113
        ],
        "32555": [
            -364.15628444191094,
            -23.15376519731831
        ],
        "32932": [
            -112.6526635323888,
            -138.4262563277452
        ],
        "41677": [
            -368.74098586474065,
            -98.47385883367753
        ],
        "43093": [
            -327.4786730592724,
            -124.01719493644285
        ],
        "53451": [
            35.367696690401374,
            135.34591010702022
        ],
        "60596": [
            -22.26854976803033,
            -29.703338557001494
        ],
        "61252": [
            -273.7721706775518,
            57.40598712678769
        ],
        "85861": [
            -187.9727583360224,
            -2.850087782299725
        ],
        "87087": [
            -144.09061614607984,
            82.29436589358465
        ],
        "88323": [
            -283.59653086932747,
            -150.21548837517534
        ],
        "91405": [
            -320.27414225196844,
            22.038290984497177
        ],
        "92280": [
            -303.90020859900477,
            35.13743770386403
        ],
        "96874": [
            117.23736495521946,
            87.53402458133142
        ],
        "98560": [
            -171.59882468305736,
            116.3521473639374
        ],
        "99207": [
            47.811886266653715,
            143.86035547460878
        ],
        "99781": [
            70.0804360346842,
            137.96573945089366
        ],
        "BIGBOX-1": [
            58.94616115066904,
            123.55667805959017
        ],
        "75192-1": [
            -357.60671098072544,
            -40.83761326846352
        ],
        "2412b": [
            -367.43107117250355,
            -53.93675998783031
        ],
        "71043-1": [
            -244.9540474483358,
            31.207693688054007
        ],
        "3245c": [
            -251.41872229348337,
            63.44061340859957
        ],
        "10256-1": [
            37.91859267352832,
            -271.87738248852344
        ],
        "3062b": [
            54.80953174750541,
            -283.51656333086015
        ],
        "10189-1": [
            -1.3788579154010232,
            -178.1150456943357
        ],
        "3069b": [
            79.28433013555917,
            -82.28442205909961
        ],
        "SWMP-1": [
            4.728885456585526,
            38.21438139336368
        ],
        "3068b": [
            -13.161802379923614,
            38.4435735667554
        ],
        "2000409-1": [
            11.792463718894403,
            -74.3214749872612
        ],
        "4495b": [
            5.897847603827559,
            -88.73053637856468
        ],
        "3005pr0003": [
            -3.9265125879506177,
            -73.66651765129284
        ],
        "10179-1": [
            -203.0367772967489,
            -266.7978941775413
        ],
        "3794a": [
            -198.45207587391903,
            -247.14917409849102
        ],
        "70620-1": [
            -93.65890049495111,
            -131.87668296806189
        ],
        "48729b": [
            -106.10309007120334,
            -154.14523239098529
        ],
        "75252-1": [
            -131.6464265698264,
            -96.50898682577177
        ],
        "75827-1": [
            -186.00788629766515,
            -144.32087235146022
        ],
        "3070b": [
            -194.94199390243125,
            -158.7498477519708
        ],
        "40179-1": [
            113.96257822462677,
            67.88530450228114
        ],
        "10214-1": [
            -134.92121330042025,
            33.17256569595904
        ],
        "10253-1": [
            202.0026846062506,
            121.786546257662
        ],
        "10261-1": [
            -300.62542186841205,
            20.72837631256051
        ],
        "42100-1": [
            -295.38576309946126,
            -140.39112833565022
        ],
        "71040-1": [
            -162.42942183739925,
            101.28812863666651
        ],
        "42082-1": [
            -352.36705221177715,
            -98.47385883367753
        ],
        "75159-1": [
            -64.84077726573541,
            -190.16788586924375
        ],
        "3040b": [
            -51.086672997246104,
            -205.8868619324838
        ],
        "10255-1": [
            -4.136573746203069,
            -22.993532615716184
        ]
    },
    "metadata": {
        "snapshotName": "Untitled Graph",
        "fullNodes": 76,
        "fullEdges": 98,
        "nodeProperties": [
            "id",
            "degree",
            "pagerank",
            "node_id"
        ],
        "nodeComputed": [
            "pagerank",
            "degree"
        ],
        "edgeProperties": [
            "source_id",
            "target_id"
        ]
    },
    "global": {
        "nodes": {
            "colorBy": "degree",
            "color": {
                "scale": "Linear Scale",
                "from": "#4d44ff",
                "to": "#4ad7e2"
            },
            "sizeBy": "degree",
            "size": {
                "min": 2,
                "max": 9.999999999999998,
                "scale": "Log Scale"
            },
            "labelBy": "degree",
            "shape": "circle",
            "labelSize": 1,
            "labelLength": 10
        }
    }
}